{
  "K": 5,
  "treasures": {
    "0": [
      -0.62147,
      7.48465
    ],
    "1": [
      -2.50597,
      6.60665
    ],
    "2": [
      1.1345344870490777,
      7.249089182226504
    ],
    "3": [
      1.43434,
      10.52555
    ],
    "4": [
      4.154013498165721,
      13.737756844413317
    ],
    "5": [
      -5.568280622734677,
      11.874674050320074
    ],
    "6": [
      -3.619538849602659,
      10.482715640940064
    ],
    "7": [
      -2.7629490592149586,
      10.161494469544678
    ],
    "8": [
      -6.87458005307592,
      9.818858553389598
    ],
    "9": [
      -8.523515399572243,
      9.711784829591135
    ],
    "10": [
      -8.41644167577378,
      11.596282368444072
    ],
    "11": [
      -8.694833357649783,
      7.249089182226504
    ],
    "12": [
      -7.13155699019223,
      7.420407140304043
    ],
    "13": [
      -6.339211434083607,
      6.499573115637268
    ],
    "14": [
      -5.396962664657137,
      6.049863475683726
    ],
    "15": [
      -4.411884405711281,
      5.4716653671720294
    ],
    "16": [
      -3.512465125804196,
      3.7156562968772486
    ],
    "17": [
      -1.4352348841140232,
      3.1802876778849374
    ],
    "18": [
      0.770483826134305,
      2.045306205621237
    ],
    "19": [
      -7.81682882250239,
      1.3172048837916936
    ]
  },
  "teleports": {
    "CSNE": [
      -7.966732035820238,
      11.746185581761916
    ],
    "CSCE": [
      -2.0,
      2.0
    ],
    "tau_4": [
      4.154013498165721,
      13.737756844413317
    ]
  },
  "regions_wkt": {
    "2": "POLYGON ((2.5169841705440543 8.903189166640079, 0.6667244805631091 5.926684447975085, -0.2503607570796202 6.538074606403571, 0.1518696103075418 7.567784346914704, 0.0553343221346229 8.323977437602567, 2.5169841705440543 8.903189166640079))",
    "18": "POLYGON ((0.2178353905590381 3.709590662937054, 0.200137254394003 3.0370614886657203, 0.7487794755100918 2.948570807840545, 1.3682142412863212 1.4796255061426316, 0.3594204798793191 1.8866826379384387, -0.7024676900227883 2.523815539879702, 0.2178353905590381 3.709590662937054))",
    "14": "POLYGON ((-5.90572 5.62099, -6.348173126668993 6.222725998372038, -5.88802158637808 6.859858900313302, -5.4101719099221315 6.558990585507705, -5.1800961397766745 5.886461411236372, -5.90572 5.62099))",
    "12": "POLYGON ((-7.253255810148897 6.166976869452198, -8.704502975681777 6.981091133043813, -8.969975018157305 8.361545753916552, -7.908086848255197 9.281848834498378, -6.3329527295670704 9.246452562168306, -5.6427254191307 8.450036434741728, -5.802008644616016 7.795205396635428, -6.315254593402035 7.724412851975288, -7.253255810148897 6.166976869452198))",
    "7": "MULTIPOLYGON (((-1.3951727395222708 10.060566825759928, -2.0854000499586407 9.671207830129156, -3 10, -3 11, -1.6783429181628329 10.503020229885806, -1.3951727395222708 10.060566825759928)), ((-1.8907205521432544 8.82169729420747, -3.8729118026271885 8.803999158042435, -4.12068570893768 9.264150698333347, -1.4482671480173763 9.157961881343137, -1.8907205521432544 8.82169729420747)), ((-3.996798755782434 9.812792919449436, -4.775516747043979 10.4499258213907, -4.173780117432785 11.264040084982316, -3.6251378963166965 11.688795352943158, -3.6428360324817315 9.865887327944542, -3.996798755782434 9.812792919449436)))",
    "0": "POLYGON ((-1.4836634203474466 8.71550847721726, 0.7670745583403854 8.193961223179997, 0.7517775711356445 7.2761419908955425, 0.9200444303877947 6.541886605067979, 0.5223227630645304 5.9300071168783415, -0.4301701119625433 6.1337864166682365, -1.4274837930311473 6.599199467833585, -1.7504234611866951 7.235580578610694, -1.921391520798456 8.147410229873417, -1.4836634203474466 8.71550847721726))",
    "15": "POLYGON ((-5.428333963827407 6.879427345947984, -5.266288128211949 7.0993466942832475, -4.8148747289974585 7.284541934986628, -2.9166235117878068 6.7984044281402545, -2.881899404155923 5.802980009359585, -3.113393455035149 5.154796666897754, -3.7731515000409424 4.286693976100659, -5.4862074765472135 4.483463919348, -6.238563141904697 5.895577629711275, -6.041793198657355 6.39328983910161, -5.428333963827407 6.879427345947984))",
    "8": "POLYGON ((-6.396440770755455 10.52819985088421, -5.169686970882797 8.650811977026367, -6.087972842123031 8.306450750703073, -7.989198349102977 8.41637841860415, -8.516946452713924 10.18810419501233, -8 11, -6.396440770755455 10.52819985088421))",
    "6": "POLYGON ((-3.872911802627193 8.803999158042435, -4.120685708937685 9.264150698333347, -3.6990409031344598 9.5435829848931, -3.520295172318444 9.885531339497652, -3.9011012944916947 10.429540085459438, -3.427036530153566 11.672988647657808, -2.9607433193291777 11.424298935218134, -2.5566225366147073 11.385441167649436, -2.6316718744097667 10.815835937204882, -2 10.5, -2.6478188105968528 10.693284831784947, -2.8597131236505597 9.085061327582451, -3.872911802627193 8.803999158042435))",
    "13": "POLYGON ((-4.56062 6.2677, -4.832085558203372 5.168278588403385, -5.850065318532428 4.910390382453357, -6.447280111258808 5.955516269724524, -6.447280111258808 6.783473141458826, -5.7822000011771575 7.000642156995692, -4.56062 6.2677))",
    "5": "POLYGON ((-6.396440770755455 10.52819985088421, -5.659897359304859 12.353460609579031, -4.7761957576799565 12.216186574375161, -3.7009770232628783 11.252928429620741, -4.5 10.5, -5.221928097984942 10.6569135684481, -6.396440770755455 10.52819985088421))",
    "17": "POLYGON ((-2.303382469728038 4.606121594964683, -0.6578348536405462 4.84478880645829, 0.2212491573005921 3.0563610352954305, -0.4467399857905465 1.923477014912179, -1.4164574275212503 1.6559687551243976, -2 2, -2.804156525170361 2.6758439955653133, -2.303382469728038 4.606121594964683))",
    "10": "POLYGON ((-8.41644167577378 11.596282368444072, -7.585866668876932 10.06575967220277, -8.516946452713924 10.18810419501233, -8.772934571685207 10.985319315223267, -8.41644167577378 11.596282368444072))",
    "11": "POLYGON ((-7.8601435367998045 8.588091405287843, -6.86082056154085 7.882686952163871, -7.595616866878316 6.707012863623919, -8.521460211603525 6.501269898129427, -9.226864664727493 7.059715090185904, -9.138689108086997 8.573395479181093, -7.8601435367998045 8.588091405287843))",
    "1": "MULTIPOLYGON (((-0.8080911990237297 5.695284717197152, -1.356225967469132 5.300117791108605, -2.1593071398426282 4.930445505412867, -2.585238361441961 5.025615882920832, -3.2428293565370274 5.440338313269057, -3.7654694845896204 5.8864945201432235, -3.35755523830467 7.594635426461461, -3 8, -1.0937475175930103 7.048751559942082, -0.8080911990237297 5.695284717197152)), ((-1.1305182285582018 7.222974690467634, -2.3505169427886985 8.308485357460128, -1.3434786472727271 8.2320014362817, -1.1305182285582018 7.222974690467634)))",
    "9": "POLYGON ((-6.7482754312634095 10.283094878779348, -6.598504429042467 8.915186391828069, -7.567023576737893 8.116407713316372, -8.315878587842603 7.85680464280007, -9.138689108086997 8.573395479181093, -9.713741275238064 9.80382767167233, -8.63539005924728 11.431339229139912, -7.866565581179777 11.191705625586403, -6.7482754312634095 10.283094878779348))"
  },
  "delta_treasures": [
    3,
    4,
    16,
    19
  ],
  "overlaps": [
    [
      0,
      1
    ],
    [
      0,
      2
    ],
    [
      1,
      15
    ],
    [
      5,
      7
    ],
    [
      6,
      7
    ],
    [
      8,
      9
    ],
    [
      8,
      10
    ],
    [
      8,
      11
    ],
    [
      8,
      12
    ],
    [
      9,
      10
    ],
    [
      9,
      11
    ],
    [
      9,
      12
    ],
    [
      11,
      12
    ],
    [
      13,
      14
    ],
    [
      13,
      15
    ],
    [
      14,
      15
    ],
    [
      17,
      18
    ]
  ]
}